-1,-1,-1,-1,-1,-1,-1,-1,-1,-1,-1,-1,-1,-1,-1,-1,-1,-1,-1,-1,-1,-1,-1,-1,-1,-1,-1,-1,-1,-1,-1,-1,-1,-1,-1,-1,-1,-1,-1,-1,-1,-1,-1,-1,-1,-1,-1,-1,-1,-1,-1,-1,-1,-1,-1,-1,-1,-1,-1,-1
-1,-1,-1,-1,-1,-1,-1,-1,-1,-1,-1,-1,-1,-1,-1,-1,-1,-1,-1,-1,-1,-1,-1,-1,-1,-1,-1,-1,-1,-1,-1,-1,-1,-1,-1,-1,-1,-1,-1,-1,-1,-1,-1,-1,-1,-1,-1,-1,-1,-1,-1,-1,-1,-1,-1,-1,-1,-1,-1,-1
-1,-1,-1,-1,-1,-1,-1,-1,-1,-1,-1,-1,-1,-1,-1,-1,-1,-1,-1,-1,-1,-1,-1,-1,-1,-1,-1,-1,-1,-1,-1,-1,-1,-1,-1,-1,-1,-1,-1,-1,-1,-1,-1,-1,-1,-1,-1,-1,-1,-1,-1,-1,-1,-1,-1,-1,-1,-1,-1,-1
-1,-1,-1,-1,-1,-1,-1,-1,-1,-1,-1,-1,-1,-1,-1,-1,-1,-1,-1,-1,-1,-1,-1,-1,-1,-1,-1,-1,-1,-1,-1,-1,-1,-1,-1,-1,-1,-1,-1,-1,-1,-1,-1,-1,-1,-1,-1,-1,-1,-1,-1,-1,-1,-1,-1,-1,-1,-1,-1,-1
-1,-1,-1,-1,-1,-1,-1,-1,-1,-1,-1,-1,-1,-1,-1,-1,-1,-1,-1,-1,-1,-1,-1,-1,-1,-1,-1,-1,-1,-1,-1,-1,-1,-1,-1,-1,-1,-1,-1,-1,-1,-1,-1,-1,-1,-1,-1,-1,-1,-1,-1,-1,-1,-1,-1,-1,-1,-1,-1,2
-1,-1,-1,-1,-1,-1,-1,-1,-1,-1,-1,-1,-1,-1,-1,-1,-1,-1,-1,-1,-1,-1,-1,-1,-1,-1,-1,-1,-1,-1,-1,4,-1,-1,4,-1,-1,4,4,-1,-1,-1,4,4,-1,-1,-1,-1,-1,-1,-1,-1,-1,0,-1,-1,-1,0,0,0
-1,-1,-1,-1,-1,-1,-1,-1,-1,-1,-1,-1,-1,-1,-1,-1,-1,-1,-1,-1,-1,-1,-1,-1,-1,-1,-1,-1,-1,-1,-1,4,-1,-1,4,-1,4,-1,-1,4,-1,4,-1,-1,4,-1,-1,-1,-1,0,-1,-1,-1,-1,-1,-1,-1,-1,-1,-1
-1,-1,-1,-1,-1,-1,-1,-1,-1,-1,-1,-1,-1,-1,-1,-1,-1,-1,-1,-1,-1,-1,-1,-1,-1,-1,-1,-1,-1,-1,-1,4,-1,-1,4,-1,-1,-1,-1,4,-1,4,-1,-1,4,-1,-1,-1,-1,0,-1,-1,-1,-1,-1,-1,-1,-1,-1,-1
-1,-1,-1,-1,-1,-1,-1,-1,-1,-1,-1,5,-1,-1,-1,-1,5,-1,-1,-1,-1,-1,-1,-1,-1,-1,-1,-1,-1,-1,-1,4,4,4,4,-1,-1,-1,4,-1,-1,4,-1,-1,4,-1,-1,-1,-1,0,-1,-1,-1,-1,-1,-1,-1,-1,-1,-1
-1,-1,-1,-1,-1,-1,-1,-1,-1,-1,-1,-1,-1,-1,-1,-1,-1,-1,-1,-1,-1,-1,-1,-1,-1,-1,-1,-1,-1,-1,-1,4,-1,-1,4,-1,-1,4,-1,-1,-1,4,-1,-1,4,-1,-1,-1,-1,0,-1,-1,-1,-1,-1,-1,-1,-1,-1,-1
-1,-1,-1,-1,-1,-1,-1,0,-1,-1,-1,-1,-1,-1,-1,-1,-1,-1,-1,-1,-1,-1,-1,-1,-1,-1,-1,-1,8,-1,-1,4,-1,-1,4,-1,4,-1,-1,-1,-1,4,-1,-1,4,-1,-1,-1,-1,0,4,4,4,4,4,4,4,4,4,4
-1,-1,-1,-1,-1,-1,-1,0,-1,-1,-1,-1,-1,-1,-1,-1,-1,-1,0,4,4,4,4,4,4,4,4,4,0,-1,-1,4,-1,-1,4,-1,4,4,4,4,-1,-1,4,4,-1,-1,-1,-1,-1,0,4,4,4,4,4,4,4,5,4,4
-1,-1,-1,-1,-1,-1,-1,0,-1,-1,-1,-1,-1,-1,-1,-1,-1,-1,0,4,4,4,4,4,4,4,4,4,0,-1,-1,-1,-1,-1,-1,-1,-1,-1,-1,-1,-1,-1,-1,-1,-1,-1,-1,-1,-1,0,4,4,4,4,4,4,4,4,4,4
-1,-1,-1,-1,-1,-1,-1,0,-1,-1,-1,-1,-1,-1,-1,-1,8,-1,0,9,4,4,4,4,4,4,4,4,0,-1,-1,-1,-1,-1,-1,-1,-1,-1,-1,-1,-1,-1,-1,-1,-1,-1,-1,-1,-1,0,4,5,4,4,4,4,4,4,4,4
-1,-1,-1,-1,-1,-1,-1,0,-1,-1,-1,5,-1,-1,-1,-1,0,-1,0,4,4,4,4,4,4,4,4,4,0,-1,-1,-1,-1,-1,-1,-1,-1,-1,-1,-1,-1,-1,-1,-1,-1,-1,-1,-1,-1,0,4,4,4,4,4,4,4,4,4,4
-1,-1,-1,-1,-1,-1,-1,0,-1,-1,-1,-1,-1,-1,-1,-1,0,-1,0,4,4,4,4,4,4,8,4,4,0,-1,-1,-1,-1,-1,-1,-1,-1,-1,-1,-1,-1,-1,-1,-1,-1,-1,-1,-1,-1,0,9,4,4,4,4,4,4,4,5,4
-1,-1,-1,-1,-1,-1,-1,-1,-1,-1,-1,-1,-1,-1,-1,-1,0,-1,0,4,4,4,4,4,4,10,4,4,0,-1,-1,-1,-1,-1,-1,-1,-1,-1,-1,-1,-1,-1,-1,-1,-1,-1,-1,-1,-1,0,9,4,4,4,4,4,4,4,4,4
-1,-1,-1,-1,-1,-1,-1,-1,-1,-1,-1,-1,-1,-1,-1,-1,0,-1,0,4,4,8,4,4,4,4,4,4,0,-1,-1,-1,-1,-1,-1,-1,-1,-1,-1,-1,-1,-1,-1,-1,-1,-1,-1,-1,-1,0,9,4,4,4,5,4,4,4,4,4
-1,-1,-1,-1,-1,-1,-1,-1,-1,-1,-1,-1,-1,-1,-1,-1,0,-1,0,4,4,10,4,4,4,4,4,4,0,-1,-1,-1,-1,-1,-1,-1,-1,-1,-1,-1,-1,-1,-1,-1,-1,-1,-1,-1,-1,0,9,4,4,4,4,4,4,4,4,4
-1,-1,-1,-1,-1,-1,-1,-1,-1,-1,-1,-1,-1,-1,-1,-1,0,-1,0,4,4,4,4,4,4,4,4,11,0,-1,-1,-1,-1,-1,-1,-1,-1,-1,-1,-1,-1,-1,-1,-1,-1,-1,-1,-1,-1,0,9,4,4,4,4,4,4,4,4,4
-1,16,-1,-1,-1,-1,-1,-1,-1,-1,-1,-1,-1,-1,-1,-1,0,-1,0,4,4,4,4,4,4,4,4,4,0,-1,-1,-1,-1,-1,-1,-1,-1,-1,-1,-1,-1,-1,-1,-1,-1,-1,-1,-1,-1,0,9,4,5,4,4,4,4,4,4,4
-1,-1,-1,-1,-1,-1,0,0,0,4,4,4,4,0,0,0,0,-1,0,11,9,4,4,4,8,4,4,4,0,-1,-1,-1,-1,-1,-1,-1,-1,-1,-1,-1,-1,-1,-1,-1,-1,-1,-1,-1,-1,0,9,4,4,4,4,4,4,4,5,4
-1,-1,-1,-1,-1,-1,0,-1,0,4,4,4,4,0,-1,-1,-1,-1,0,4,4,4,4,4,10,4,4,4,0,-1,-1,-1,-1,-1,-1,-1,-1,-1,-1,-1,-1,-1,-1,-1,-1,-1,-1,-1,-1,0,9,4,4,4,4,5,4,4,4,4
-1,-1,-1,-1,-1,-1,0,-1,0,4,4,4,4,0,-1,-1,-1,-1,0,4,4,4,4,4,4,4,4,4,0,-1,-1,-1,-1,-1,-1,-1,-1,-1,-1,-1,-1,-1,-1,-1,-1,-1,-1,-1,-1,0,9,4,4,4,4,4,4,4,4,4
0,0,0,0,0,0,0,-1,0,4,4,4,4,0,-1,-1,-1,-1,0,4,4,4,4,4,4,4,4,4,-1,-1,-1,-1,-1,-1,-1,-1,-1,-1,-1,-1,-1,-1,-1,-1,-1,-1,-1,-1,-1,0,9,4,4,4,4,4,4,4,4,4
0,-1,-1,-1,-1,-1,-1,-1,0,4,4,4,4,0,-1,-1,-1,-1,0,4,4,4,11,9,4,4,4,4,-1,-1,-1,-1,4,4,4,-1,-1,-1,-1,-1,-1,-1,-1,-1,-1,-1,-1,-1,-1,-1,4,4,4,4,4,4,4,4,4,4
0,-1,-1,-1,-1,-1,-1,-1,0,4,4,4,4,0,-1,-1,-1,-1,0,4,4,4,4,4,4,4,4,4,-1,-1,-1,-1,-1,-1,4,4,4,4,4,-1,-1,-1,-1,-1,-1,-1,-1,-1,-1,-1,4,4,5,4,4,4,4,4,4,4
0,-1,-1,-1,-1,-1,-1,-1,0,4,4,4,4,0,-1,-1,-1,-1,0,4,4,4,4,4,4,4,4,4,-1,-1,-1,-1,-1,-1,-1,-1,-1,-1,4,4,4,4,4,-1,-1,-1,-1,-1,-1,-1,4,4,4,4,4,4,4,4,4,4
0,-1,-1,-1,-1,-1,-1,-1,0,4,4,4,4,0,-1,-1,-1,-1,0,4,4,4,4,4,11,9,4,4,0,-1,-1,-1,-1,-1,-1,-1,-1,-1,-1,-1,-1,-1,-1,-1,-1,-1,-1,-1,-1,-1,4,4,4,4,4,4,4,4,5,4
0,-1,-1,-1,-1,-1,-1,-1,0,4,4,4,4,0,-1,-1,-1,-1,0,4,8,4,4,4,4,4,4,4,0,-1,-1,-1,-1,-1,-1,-1,-1,-1,-1,-1,-1,-1,-1,-1,-1,-1,8,8,8,-1,4,4,4,4,4,4,4,4,4,4
0,-1,-1,-1,-1,-1,-1,-1,0,4,4,4,4,0,-1,-1,-1,-1,0,4,10,4,4,4,4,4,4,4,0,-1,-1,-1,-1,-1,-1,-1,-1,-1,-1,-1,-1,-1,0,0,0,0,0,0,0,0,4,4,4,4,5,4,4,4,4,4
0,-1,-1,-1,-1,-1,-1,-1,0,4,4,4,4,0,-1,-1,-1,-1,0,4,4,4,4,4,4,4,4,4,0,-1,-1,-1,-1,-1,-1,-1,-1,-1,-1,-1,-1,-1,-1,-1,-1,-1,-1,-1,-1,0,4,4,4,4,4,4,4,4,4,4
0,-1,-1,-1,-1,-1,-1,-1,0,4,4,4,4,0,-1,-1,-1,-1,0,4,4,4,4,4,4,4,4,4,0,-1,-1,-1,-1,-1,-1,-1,-1,-1,-1,-1,-1,-1,-1,-1,-1,-1,-1,-1,-1,0,4,4,4,4,4,4,4,4,4,4
0,-1,-1,-1,-1,-1,-1,-1,0,4,4,4,4,0,-1,-1,-1,-1,0,4,4,4,4,4,4,4,4,4,0,1,1,1,1,1,1,1,1,1,1,1,1,1,1,1,1,1,1,1,1,0,4,4,4,4,4,4,4,4,4,4
